{
    "name": "root",
    "gauges": {
        "MoveToGoal.Policy.Entropy.mean": {
            "value": 1.521690845489502,
            "min": 1.5099929571151733,
            "max": 1.5288335084915161,
            "count": 78
        },
        "MoveToGoal.Environment.EpisodeLength.mean": {
            "value": 10.4,
            "min": 9.618448637316561,
            "max": 14.601910828025478,
            "count": 78
        },
        "MoveToGoal.Policy.ExtrinsicValueEstimate.mean": {
            "value": 0.7590138912200928,
            "min": 0.693574070930481,
            "max": 0.8109720945358276,
            "count": 78
        },
        "MoveToGoal.Environment.CumulativeReward.mean": {
            "value": 0.6781609195402298,
            "min": 0.576271186440678,
            "max": 0.759090909090909,
            "count": 78
        },
        "MoveToGoal.Policy.ExtrinsicReward.mean": {
            "value": 0.6781609195402298,
            "min": 0.576271186440678,
            "max": 0.759090909090909,
            "count": 78
        },
        "MoveToGoal.Losses.PolicyLoss.mean": {
            "value": 0.2483457760526937,
            "min": 0.2333124754164649,
            "max": 0.25432742196518837,
            "count": 78
        },
        "MoveToGoal.Losses.ValueLoss.mean": {
            "value": 0.24578820574466806,
            "min": 0.16366794887112177,
            "max": 0.3118826571507346,
            "count": 78
        },
        "MoveToGoal.Policy.LearningRate.mean": {
            "value": 2.2489986601e-05,
            "min": 2.2489986601e-05,
            "max": 9.95068560487e-05,
            "count": 78
        },
        "MoveToGoal.Policy.Epsilon.mean": {
            "value": 0.12248990909090911,
            "min": 0.12248990909090911,
            "max": 0.19950685555555556,
            "count": 78
        },
        "MoveToGoal.Policy.Beta.mean": {
            "value": 0.00012020055454545453,
            "min": 0.00012020055454545453,
            "max": 0.0004975835922222222,
            "count": 78
        },
        "MoveToGoal.IsTraining.mean": {
            "value": 1.0,
            "min": 1.0,
            "max": 1.0,
            "count": 78
        }
    },
    "metadata": {
        "timer_format_version": "0.1.0",
        "start_time_seconds": "1636544958",
        "python_version": "3.7.9 (default, Aug 31 2020, 17:10:11) [MSC v.1916 64 bit (AMD64)]",
        "command_line_arguments": "D:\\Users\\Shraeyas\\Anaconda3\\envs\\unity\\Scripts\\mlagents-learn config/moveToGoal.yaml --initialize-from=Obstacles_v10 --run-id=Obstacles_v11",
        "mlagents_version": "0.22.0",
        "mlagents_envs_version": "0.22.0",
        "communication_protocol_version": "1.2.0",
        "pytorch_version": "1.7.0+cu110",
        "numpy_version": "1.18.5",
        "end_time_seconds": "1636547795"
    },
    "total": 2836.4829980000004,
    "count": 1,
    "self": 0.014753100000234554,
    "children": {
        "run_training.setup": {
            "total": 0.024915800000000043,
            "count": 1,
            "self": 0.024915800000000043
        },
        "TrainerController.start_learning": {
            "total": 2836.4433291,
            "count": 1,
            "self": 4.165878400033307,
            "children": {
                "TrainerController._reset_env": {
                    "total": 9.9300959,
                    "count": 1,
                    "self": 9.9300959
                },
                "TrainerController.advance": {
                    "total": 2822.1386990999663,
                    "count": 67896,
                    "self": 1.8528551999443152,
                    "children": {
                        "env_step": {
                            "total": 2820.285843900022,
                            "count": 67896,
                            "self": 2507.390264900037,
                            "children": {
                                "SubprocessEnvManager._take_step": {
                                    "total": 311.1477936000124,
                                    "count": 67896,
                                    "self": 5.961093299986601,
                                    "children": {
                                        "TorchPolicy.evaluate": {
                                            "total": 305.1867003000258,
                                            "count": 43817,
                                            "self": 40.524158000003354,
                                            "children": {
                                                "TorchPolicy.sample_actions": {
                                                    "total": 264.66254230002244,
                                                    "count": 43817,
                                                    "self": 264.66254230002244
                                                }
                                            }
                                        }
                                    }
                                },
                                "workers": {
                                    "total": 1.7477853999726296,
                                    "count": 67895,
                                    "self": 0.0,
                                    "children": {
                                        "worker_root": {
                                            "total": 2823.472740300003,
                                            "count": 67895,
                                            "is_parallel": true,
                                            "self": 2103.0359990000293,
                                            "children": {
                                                "steps_from_proto": {
                                                    "total": 0.0006899999999996353,
                                                    "count": 1,
                                                    "is_parallel": true,
                                                    "self": 0.00018949999999939848,
                                                    "children": {
                                                        "_process_vector_observation": {
                                                            "total": 0.0005005000000002369,
                                                            "count": 4,
                                                            "is_parallel": true,
                                                            "self": 0.0005005000000002369
                                                        }
                                                    }
                                                },
                                                "UnityEnvironment.step": {
                                                    "total": 720.4360512999735,
                                                    "count": 67895,
                                                    "is_parallel": true,
                                                    "self": 18.91721959993015,
                                                    "children": {
                                                        "UnityEnvironment._generate_step_input": {
                                                            "total": 14.977327099986507,
                                                            "count": 67895,
                                                            "is_parallel": true,
                                                            "self": 14.977327099986507
                                                        },
                                                        "communicator.exchange": {
                                                            "total": 638.2796572000041,
                                                            "count": 67895,
                                                            "is_parallel": true,