{"count":1,"self":262.07987199999997,"total":1352.763798,"children":{"InitializeActuators":{"count":9,"self":0.0029931,"total":0.0029931,"children":null},"InitializeSensors":{"count":9,"self":0.0029925999999999998,"total":0.0029925999999999998,"children":null},"AgentSendState":{"count":107667,"self":2.6604981999999997,"total":16.792468799999998,"children":{"CollectObservations":{"count":193806,"self":0.42983109999999997,"total":0.42983109999999997,"children":null},"CollectDiscreteActionMasks":{"count":193806,"self":0.18256889999999998,"total":0.18256889999999998,"children":null},"RequestDecision":{"count":193806,"self":1.2793280999999999,"total":13.5195706,"children":{"AgentInfo.ToProto":{"count":193806,"self":0.8492866,"total":12.240242499999999,"children":{"GenerateSensorData":{"count":193806,"self":2.920664,"total":11.3909559,"children":{"RayPerceptionSensor.Perceive":{"count":193806,"self":8.4702919999999988,"total":8.4702918,"children":null}}}}}}}}},"DecideAction":{"count":107667,"self":1064.382464,"total":1064.382511,"children":null},"AgentAct":{"count":107667,"self":9.408896,"total":9.4878958,"children":{"AgentInfo.ToProto":{"count":922,"self":0.0055318,"total":0.079000199999999993,"children":{"GenerateSensorData":{"count":922,"self":0.0221793,"total":0.0734684,"children":{"RayPerceptionSensor.Perceive":{"count":922,"self":0.0512891,"total":0.0512891,"children":null}}}}}}},"AgentInfo.ToProto":{"count":110,"self":0.0009976,"total":0.0150525,"children":{"GenerateSensorData":{"count":110,"self":0.0058712,"total":0.014054899999999999,"children":{"RayPerceptionSensor.Perceive":{"count":110,"self":0.0081837,"total":0.0081837,"children":null}}}}}},"gauges":{"MoveToGoal.CumulativeReward":{"count":1032,"max":1.80000007,"min":-46.1999779,"runningAverage":-2.10232639,"value":-2.4,"weightedAverage":-5.77517366}},"metadata":{"timer_format_version":"0.1.0","start_time_seconds":"1636538202","unity_version":"2020.3.21f1","command_line_arguments":"D:\\Program Files\\UnityEditor\\2020.3.21f1\\Editor\\Unity.exe -projectpath D:\/Unity-Machine-Learning\/ML-Agents-Move-To-Goal -useHub -hubIPC -cloudEnvironment production -hubSessionId 1cd9df20-4112-11ec-943d-7b5505806270 -accessToken erPE1BhvQAitQQhRmM_yqoK2OVRAsqA9xCsTQF-Iv3I00cf","communication_protocol_version":"1.2.0","com.unity.ml-agents_version":"1.6.0-preview","scene_name":"SimpleBalancingRobot","end_time_seconds":"1636539555"}}